machineid,datetimestamp,enginegastemperature1,enginegastemperature2,enginegastemperature3,enginegastemperature4,enginegastemperature5,enginegastemperature6,pressure,failure_warning
1,2025-01-01 00:00:00,302.4835707650562,385.4086171074853,303.23844269050346,307.61514928204014,298.8292331263833,298.8293152152541,103.15842563101478,1
1,2025-01-01 00:10:00,303.83717364576455,300.1111091330599,297.8610354319833,297.34091294890885,299.4126224911432,301.11039450782374,98.46404699611385,0
1,2025-01-01 00:20:00,299.8777241125297,301.77775658561217,302.0850555483159,304.1623092856058,298.5330042682067,299.85080715320123,100.19025156863427,0
1,2025-01-01 00:30:00,303.32327171374925,303.895963172575,294.4945112182508,305.6511409694852,301.8655945736471,298.06763524717724,97.68245951614983,0
1,2025-01-01 00:40:00,297.7662926451343,307.621208164276,301.61499898639147,293.0329152956365,289.1083287658815,294.78051795882584,100.34538741305103,0
1,2025-01-01 00:50:00,301.62099383776365,303.9276606224912,313.2800504563602,301.31743020115107,308.2088555800704,302.30408150074317,100.17184694326163,0
1,2025-01-01 01:00:00,295.2348610539175,294.7606469870909,290.6216161389674,293.1660893055685,303.1815255417259,295.46639665710035,100.95208517485395,0
1,2025-01-01 01:10:00,306.5183063419929,303.31142256809534,301.2056108129357,299.1589745595046,305.8238432275226,298.7712615628648,98.46066445266779,0
1,2025-01-01 01:20:00,304.7500269775359,308.63258234287684,302.2894253850001,291.5785631081706,301.63422611985004,299.5944052292066,100.9355895065263,0
1,2025-01-01 01:30:00,303.6806117533463,296.9256212029134,301.66446220244467,293.0964148786387,298.5959685423662,299.70091368169165,101.92234753283671,0
1,2025-01-01 01:40:00,296.0897608685008,302.1197153489547,304.36352548995256,311.4361299147865,308.1146024967069,304.1186653848757,100.58611849129115,0
1,2025-01-01 01:50:00,304.4831519185547,299.4737143299941,295.2232677764115,297.92617682797265,293.0062955919707,298.27959729344343,101.50157177117885,0
1,2025-01-01 02:00:00,303.62041625762936,298.7211768152053,304.2496060203118,293.4433788712445,295.64847522719464,297.4667839018424,97.38009862557504,0
1,2025-01-01 02:10:00,314.71831708240643,393.58742862008114,295.9132292243859,297.5843866062435,297.150858258008,289.5420016515637,102.52748106153277,1
1,2025-01-01 02:20:00,299.9072459774418,291.6324768900489,294.63734082782173,295.03706910298405,300.51173841274834,297.83695359725994,98.68163539512705,0
1,2025-01-01 02:30:00,300.01968652215703,299.0381951760944,301.5077367116681,299.8264411514738,294.15660981190234,305.7141140725751,101.50386606537354,0
1,2025-01-01 02:40:00,295.99086078325155,306.9200785946634,307.02602652939095,306.9616287674595,295.5967959073512,300.38447474292286,99.01313503559335,0
1,2025-01-01 02:50:00,304.61581304170977,300.4982568254382,297.482621729419,292.24668284466935,300.3428148740301,294.6884814313695,100.94718486127036,0
1,2025-01-01 03:00:00,303.10274107980865,299.19531311568466,298.0586780051169,295.57243813085574,298.21627487115904,302.78060899266984,102.08772122183731,0
1,2025-01-01 03:10:00,302.63224080667345,291.96258382719384,300.9231692926615,301.29941397124213,303.90911435888654,293.8152464456096,97.35908677383145,0
1,2025-01-01 03:20:00,303.0882042275557,306.08535398490056,301.1314413474944,304.2370071628832,300.87416505995736,293.9157255382038,102.09869478464174,0
1,2025-01-01 03:30:00,306.625528307571,295.1265916488634,303.93542301871224,305.79297789503704,295.8965884082414,304.8168806462216,100.825561853873,0
1,2025-01-01 03:40:00,295.66179455010314,300.72930926214156,293.1506447164185,296.1410962525337,304.3933677409545,298.80202745903097,102.41876394137327,0
1,2025-01-01 03:50:00,302.68980001846,298.6767158338102,313.6008458329481,303.12833673882506,295.7142122179186,294.64553750969446,100.96494483048637,0
1,2025-01-01 04:00:00,299.3793380555917,303.7017040897387,297.73768883827665,303.88524897451805,305.2278558417316,298.2892914369731,98.14790676157705,0
1,2025-01-01 04:10:00,297.4351734118219,300.8659046292559,301.9265868986442,295.58071281899436,300.7686255297276,300.29104359223,97.71405940433876,0
1,2025-01-01 04:20:00,304.36223578830226,305.33099272048867,295.2049595178661,306.91002302085974,304.5256097997828,296.98047813757734,100.6088982397417,0
1,2025-01-01 04:30:00,301.2860374549005,302.57523843153024,319.2636574532736,302.8544525534658,305.677828200903,304.770008817466,101.30278250261159,0
1,2025-01-01 04:40:00,294.23717314169994,292.49615803396415,300.8251139905467,295.72035541085313,299.8018192898019,297.3266862907497,96.42300699003901,0
1,2025-01-01 04:50:00,301.7865227096832,297.64034067105285,305.44475298483684,300.3214000954773,294.61127611035346,296.42348145370016,101.35919549786935,0
1,2025-01-01 05:00:00,311.9451797869623,309.2170687916027,306.8171774547585,304.14382988802436,300.0757163912993,302.21037008433365,102.0960394879899,0
1,2025-01-01 05:10:00,296.85715126262147,296.0373963078365,299.4263177926655,302.5249363949023,304.3287759708506,293.99851796472115,99.33099752831811,0
1,2025-01-01 05:20:00,301.5888351621856,291.9388634641274,304.72690845043786,306.33203427686436,301.886481327302,308.2567549323974,97.34633646772821,0
1,2025-01-01 05:30:00,309.21857898875925,306.33455574593313,296.4616526719061,302.21909714073115,303.8731702671467,295.3653476421096,99.8809492878764,0
1,2025-01-01 05:40:00,293.5252876276007,299.4744074762679,290.0251921422118,293.4990357920328,307.71533825929544,306.6163190357562,99.74317570692058,0
1,2025-01-01 05:50:00,297.67167614372727,305.8158187607748,390.09863003921794,295.0924567447602,302.31051737131634,300.9952984778673,98.79956624568241,1
1,2025-01-01 06:00:00,303.7455283848216,309.04478414510083,301.13492150609676,298.64518868916133,302.2314467400096,305.6812115855963,101.00285351405216,0
1,2025-01-01 06:10:00,305.30319289410704,295.58460670760235,296.5031097580176,297.9074555939478,299.44290611709204,292.28137298654053,102.23378688040336,0
1,2025-01-01 06:20:00,397.94865990242545,295.09399832381223,293.80884574425824,295.8767433617446,309.7564004286788,299.799574313135,101.0588710233076,1
1,2025-01-01 06:30:00,299.0805413113599,295.85502494538963,297.19909479901514,303.7364680256163,303.0518513271673,299.89549203017924,100.23465476661757,0
1,2025-01-01 06:40:00,296.65398635909395,305.8096865887339,307.76429887919664,297.8024106226286,297.9604232361435,301.3081152798623,100.02429301814645,0
1,2025-01-01 06:50:00,304.6546704198704,303.4097648564748,298.4486662170327,301.6208317624422,299.3492847281616,300.4849798249636,101.19031405087382,0
1,2025-01-01 07:00:00,291.0397744993239,297.76613244105044,306.0246146088929,294.0166976539324,303.8533916476156,303.33528051734896,98.60170684381616,0
1,2025-01-01 07:10:00,299.955914768771,304.87559866708875,299.26471309248933,295.8725140160374,298.39307079173506,302.0646572713781,98.87255089439205,0
1,2025-01-01 07:20:00,297.8334829654872,301.01911363763736,302.7955460130726,304.3627079571524,305.77177169204464,297.6130913471234,98.67154511339116,0
1,2025-01-01 07:30:00,306.80055683124084,301.55453782799003,307.37678108474773,382.8619493762606,299.20030735018287,299.90491896048655,97.99494127072438,1
1,2025-01-01 07:40:00,304.2597223378234,303.841697271525,302.77346397111813,303.6658668237218,294.4788910572643,303.807859206488,98.90148363691786,0
1,2025-01-01 07:50:00,287.70403318960723,287.17829009269656,305.7136294164692,290.5162638990854,302.9954666291457,299.1596460539723,100.57035064929931,0
1,2025-01-01 08:00:00,296.490932787362,295.16444472699516,307.1837733627478,296.49150011496084,299.2835837064146,296.9969765937521,99.38364409345043,0
1,2025-01-01 08:10:00,296.3128526676161,293.9543880521951,307.94572066101273,296.215469547442,295.62460588565943,293.3719486224871,98.45758907683657,0
1,2025-01-01 08:20:00,308.6387381371713,292.53699317792154,296.7685025034963,297.9822252157654,308.4234248230281,291.3484234478791,100.28410018383514,0
1,2025-01-01 08:30:00,305.18579232472314,306.99798323926365,297.7628598787093,301.7030762564418,299.93111022366406,306.8618889827362,98.64442781401323,0
1,2025-01-01 08:40:00,301.2933345600511,306.16257105868124,301.0934154613807,297.57812154015346,308.19429993186975,301.126176764028,100.33285907160632,0
1,2025-01-01 08:50:00,304.03777815802715,296.77862409916025,306.77985192654097,296.30190615285323,296.75376360833144,295.7573965030604,98.12750994344408,0
1,2025-01-01 09:00:00,301.6797437142708,302.4720464362491,299.9918201667795,297.86983830717793,306.3773162432681,299.5421696967508,101.87414504063035,0
1,2025-01-01 09:10:00,297.1533693472561,297.18370694269817,312.69628895605445,306.98396789385123,298.0504480449511,305.74811539416544,101.0504234253819,0
1,2025-01-01 09:20:00,301.01556773973255,300.247863646497,308.0528923161165,306.3699669529441,295.6570903147615,300.5820549006038,100.72033800427103,0
1,2025-01-01 09:30:00,308.5929968700684,298.6837914371402,302.6740464504063,309.529536184635,301.13801160465243,299.0266486906126,102.8393459550875,0
1,2025-01-01 09:40:00,300.6402053427923,297.5933082536014,294.2597254692213,296.9887189855891,290.90349775235035,304.57302757797044,95.6502349946938,0
1,2025-01-01 09:50:00,310.1607126297961,308.0589638285922,295.9352222594067,302.8011285548536,295.4393587169525,304.9855761094891,99.5293625161855,0
1,2025-01-01 10:00:00,300.38024019948193,301.7647998776945,303.0805332700987,297.35638007250145,293.59854435882374,293.49198337129,100.10168513827232,0
1,2025-01-01 10:10:00,297.5567995730596,303.9301697785604,298.56429951288305,298.12669335821926,295.9066150734071,296.87380908223224,99.45278051299206,0
1,2025-01-01 10:20:00,300.6125274916976,309.86730445801277,298.1047117690884,294.70210426891674,300.9075348881365,296.1238410316616,100.0475029639955,0
1,2025-01-01 10:30:00,301.5781798834062,303.84363746073666,296.0982832297114,308.90364719072613,301.26239894171795,302.0010948520352,98.4309762123734,0
1,2025-01-01 10:40:00,298.2089539975461,304.50931718508946,295.64376559442536,298.86625286350886,296.1445672974778,302.8808729973555,102.3791995625695,0
1,2025-01-01 10:50:00,301.11668079348175,292.19747042808666,301.0334473150054,298.25108119521576,289.44650239424914,306.71549409053864,97.38468586363248,0
1,2025-01-01 11:00:00,307.8140678310406,302.77820119816766,310.4223861527078,306.95451748092637,289.96215989318614,305.3372808611738,101.42290853038965,0
1,2025-01-01 11:10:00,298.55311026433657,299.9438627831018,291.81002982143303,302.482890794824,299.02874305882983,298.9688052052207,95.44409916437888,0
1,2025-01-01 11:20:00,300.86983164584785,304.53935973621213,299.9560472184832,302.2570559932375,304.07925810244546,302.8337796345941,100.57196033237656,0
1,2025-01-01 11:30:00,308.9155641768753,297.8460380603869,302.4728330107124,303.20291003474574,295.9260793600485,309.234901657238,100.53191053870887,0
1,2025-01-01 11:40:00,300.0647576897705,295.62150629166376,299.01018515649343,302.3841404716205,291.3520995349543,306.2085697982617,104.13408800350275,0
1,2025-01-01 11:50:00,290.27530354814627,303.1330803376649,294.93690964543487,311.9493913610916,296.97792760934146,298.9339643654742,100.31906681146144,0
1,2025-01-01 12:00:00,297.20129012635863,307.5251255733041,297.45797022553126,293.79079741647234,300.9175591154387,301.76578811611336,101.06383378443769,0
1,2025-01-01 12:10:00,303.4817556332624,297.7878381254435,302.2935508577951,303.26699868957445,293.54437805525646,298.6297782138449,101.21622778243666,0
1,2025-01-01 12:20:00,297.496068087912,309.5350945095528,302.7626657617372,301.4777522548958,303.5396218348484,311.0422526293309,103.99609908457406,0
1,2025-01-01 12:30:00,292.10239621343703,303.43415895271323,288.30203498742554,288.554693715335,307.1624095872625,306.07361029843275,98.23827271102348,0
1,2025-01-01 12:40:00,308.52912429668845,299.83834874537445,304.1407674519505,305.0494748052483,297.51570483663687,301.9392244076523,101.3174102514195,0
1,2025-01-01 12:50:00,295.4542119145744,297.9686263530511,301.3026449353701,288.77598546146345,303.3790436502204,311.2859914054657,98.13272378147416,0
1,2025-01-01 13:00:00,294.9069027594776,314.88098464077484,307.07125631306207,297.6320560951145,300.1363235240944,299.32449846042533,103.41232794679543,0
1,2025-01-01 13:10:00,302.5850786505898,294.1110722925382,296.59869206403044,291.60270358999105,296.9746846200405,303.80959493217836,100.42531152476604,0
1,2025-01-01 13:20:00,298.6558291160241,297.8006785619229,303.21676965527035,307.82352292466766,306.02485323650376,400.0804758329262,98.74025670875844,1
1,2025-01-01 13:30:00,299.08265423201766,299.5488616797189,303.9053663380823,312.6934555086874,302.61976333553895,297.0595658684272,99.73319828421691,0
1,2025-01-01 13:40:00,294.9394781236992,291.7257166406712,304.1158529198096,300.366589835942,293.55019550129475,293.5246061396819,99.32843060141974,0
1,2025-01-01 13:50:00,308.345107626447,294.37290496126553,299.2548166663523,299.9667327268438,293.40427477399027,304.02219555055433,99.6855722132711,0
1,2025-01-01 14:00:00,309.2447804747267,305.6328251477388,298.65555654722584,294.46737045629163,312.8667990162493,300.2960921700724,100.02785858382589,0
1,2025-01-01 14:10:00,299.87937456444996,299.4257799025849,300.7751831179776,312.84963419845167,294.4644777269999,306.9429113452014,94.68129728590125,0
1,2025-01-01 14:20:00,306.23042596248814,289.6330488379593,298.28656202959826,390.13223864284953,292.9624415264109,296.11091656204565,97.77884830906834,1
1,2025-01-01 14:30:00,308.7613522171181,298.71591486037136,305.12143290889696,291.88738184901126,301.70494176138567,300.1278566820472,97.17829893918844,0
1,2025-01-01 14:40:00,304.0628029818153,290.59654115362747,300.7160772624876,304.8914649105813,304.3098254253008,303.11699719458176,100.02600101299025,0
1,2025-01-01 14:50:00,300.30784310312725,298.62095217199004,294.7123437428333,296.9828187254862,298.7143886437639,306.81576551053354,101.53983911705933,0
1,2025-01-01 15:00:00,306.83685127360997,304.7912691307628,301.1363070456728,303.73990217030956,305.0255108114983,297.46281357046007,99.34133800336039,0
1,2025-01-01 15:10:00,299.51586981303296,305.9260514575544,296.64980403222324,304.7485804029797,298.1950626037205,298.2248383617664,100.51494646916531,0
1,2025-01-01 15:20:00,299.9005513525461,301.66821765725297,299.6785365644475,293.2864672074686,308.50714621763086,300.4384974143087,98.41139484967296,0
1,2025-01-01 15:30:00,308.10384011733635,294.99641421028326,309.2698268865594,305.51512633388893,305.7571268723237,300.603236129974,102.62418389949929,0
1,2025-01-01 15:40:00,296.2018030976089,299.98324565170515,299.65509669827105,287.10892285168757,297.19316570452173,301.5710186647523,99.15156886957642,0
1,2025-01-01 15:50:00,296.768953190885,295.4671066349048,304.2222117551468,299.50568561477394,311.4897948799854,305.9308909116206,100.51427626018794,0
1,2025-01-01 16:00:00,297.90647579596776,307.27463904162835,301.85796915243264,299.40801049726883,298.8749704831481,306.0379608521513,100.460974429207,0
1,2025-01-01 16:10:00,302.16154365595384,299.36152074694616,302.7757264435556,291.22606579712385,299.3805301062972,293.8402093712699,100.29045355425869,0
1,2025-01-01 16:20:00,301.8729255472549,294.7558583295916,289.4032131598068,298.2456734651323,294.7704366557145,291.0972165839476,101.53596653938914,0
1,2025-01-01 16:30:00,308.0061911357102,304.92861358411784,297.0276772593089,301.0875395284678,309.7293564241384,303.45810340475435,102.57229691021288,0
2,2025-01-01 00:00:00,304.18848719200247,306.8399265372121,306.7742258618662,305.14321315151534,300.7246870739059,298.08758491270953,100.20695553062637,0
2,2025-01-01 00:10:00,297.32796656988313,293.7450183450908,313.0298873347976,296.3352994061056,298.19269637620283,295.90367803222597,101.23141749832908,0
2,2025-01-01 00:20:00,306.78428387109443,298.2028136298755,306.78316691091726,286.43754754076014,306.73927890664515,306.4870305743131,101.80450934677839,0
2,2025-01-01 00:30:00,289.94040998398117,300.3982892876379,305.0665801802768,289.5999121957655,293.5792955795502,306.66929809880355,100.63563013125827,0
2,2025-01-01 00:40:00,306.1508065672857,304.18030525579763,286.76373560051246,303.64771383317907,375.3563372094909,304.97928764359244,100.51232291686765,1
2,2025-01-01 00:50:00,299.9005919485557,297.4135577494981,307.0467372009279,311.4944906180963,298.1858071978017,297.77248739299614,102.9067689542354,0
2,2025-01-01 01:00:00,295.63684686314497,303.9682897099018,298.49819755955684,295.97606541669836,294.9694205345825,294.74544021085904,96.13264339778488,0
2,2025-01-01 01:10:00,293.9630208417681,304.9216119923829,298.93005577887243,299.7526814517378,303.374097460833,294.3863898921885,100.7648194923681,0
2,2025-01-01 01:20:00,305.83551457191817,308.1055427889386,292.15019831171327,300.3698148203678,297.41233174545886,297.0053780172033,101.11075363361381,0
2,2025-01-01 01:30:00,296.88564751788357,307.1025212399493,297.14626853125264,295.8382221344789,302.35707778193205,297.23888477859515,101.26586363551102,0
2,2025-01-01 01:40:00,311.78688182516356,304.68919150783324,295.7994496070833,300.8234891371857,298.1873248745032,302.9190018807815,101.08699820557868,0
2,2025-01-01 01:50:00,305.41804826952733,299.11526386252973,296.0085137773077,293.10340385992737,296.3453498002904,299.834365135631,103.58911572703558,0
2,2025-01-01 02:00:00,303.4738051542327,294.6958660208295,282.59595585619957,295.6488837892824,306.0281403897642,301.71567525508436,102.64774960757443,0
2,2025-01-01 02:10:00,294.3409192893365,302.9196409266298,298.2035395460647,302.95327415346156,305.5435179029145,304.1024109059868,101.0145480622146,0
2,2025-01-01 02:20:00,305.0426041238929,307.6584440062046,296.7540433754816,302.4028105370537,298.14838315701354,295.8322050636037,98.62091935783927,0
2,2025-01-01 02:30:00,302.47477758780764,300.1437241146741,306.3922593130365,300.9554953400995,300.23218274078073,293.2007192951004,101.49250713205444,0
2,2025-01-01 02:40:00,307.47566872758705,301.0681521221426,301.33290273347467,297.9931012133389,302.6901117739842,300.2397702514155,102.41796388821294,0
2,2025-01-01 02:50:00,292.79252875968194,297.76783192724736,300.97044996449154,305.36815874929886,294.8674235029447,300.6648483707344,98.59975837012165,0
2,2025-01-01 03:00:00,297.5993406615207,300.6390134868339,301.83551133394036,297.3709730634352,299.34480796500503,289.8237987968725,101.46424721466614,0
2,2025-01-01 03:10:00,305.40034500161084,292.7599304979188,289.0059702168996,302.20007225026666,297.4897288782369,294.8938359143464,101.4167128945987,0
2,2025-01-01 03:20:00,305.60926594713425,306.5527191234611,298.88793610772217,294.2652068563328,299.4270484984602,303.1663375115179,97.54548043815828,0
2,2025-01-01 03:30:00,308.3006847672412,299.7720699182225,301.2166972466135,298.79381971071837,301.7602769825715,293.74230287904777,102.88752920814652,0
2,2025-01-01 03:40:00,302.52750905305743,299.8553755791257,301.34834678698536,298.8497178220181,303.5385777062481,303.6127004014504,100.91985805164428,0
2,2025-01-01 03:50:00,303.0375716357475,300.9826058485074,303.5450187879426,299.55132152856385,307.20058607724735,296.6180384897037,103.60188086582163,0
2,2025-01-01 04:00:00,296.29583796016146,373.92549657890635,292.04297676251855,302.82350531268077,296.8269748235332,304.9787611834068,99.44620232040724,1
2,2025-01-01 04:10:00,299.87305476807757,292.0804858825714,303.8020732807215,303.92900079325415,302.12728780892485,295.1651192843539,99.90457728771604,0
2,2025-01-01 04:20:00,312.0101314091773,299.8869845527759,302.6244438933198,308.90812545212685,295.6184066601291,366.29303627680645,99.46162773663723,1
2,2025-01-01 04:30:00,299.56930777258316,304.5965143485388,302.7626204262919,300.5088203649381,298.62984092876025,301.05283988814296,101.7605924985065,0
2,2025-01-01 04:40:00,292.3312563714508,304.305638344793,306.3259862581185,302.7967960436417,298.32293928152905,312.0669695755857,101.30281856185404,0
2,2025-01-01 04:50:00,309.8827213686411,299.49588504907393,307.4928241943254,308.42824150709583,297.6985227790308,308.66107626242825,102.15016564207193,0
2,2025-01-01 05:00:00,292.2120860706913,305.271817741936,308.35760117702705,298.97984709509467,299.0697174742856,305.213825879222,101.01198221991906,0
2,2025-01-01 05:10:00,290.01294328270245,299.1219934964448,296.20190579475843,297.9384344063257,292.94019511727873,302.4113594535147,99.16020060044175,0
2,2025-01-01 05:20:00,299.5412033800025,302.5139486052038,301.91772003736963,305.15669997132153,304.3689152048006,303.84061917567357,106.20973485693344,0
2,2025-01-01 05:30:00,301.7370131832116,297.95272377510895,300.3830805272923,307.8435450550546,292.28231094082446,306.5847178161628,100.87860551536293,0
2,2025-01-01 05:40:00,293.6138976703846,292.25610088743895,306.23163442898726,299.3659425104849,303.74651208698754,296.41356025021963,103.31397693940956,0
2,2025-01-01 05:50:00,292.2979066405548,301.15320455132183,288.37660363756765,296.48151253983696,299.28980736612806,295.53066175247596,99.72098904902685,0
2,2025-01-01 06:00:00,396.38493601457253,309.02248544180804,296.5713120660583,301.3776243873427,293.37461764531974,305.3652607950156,102.09401834928663,1
2,2025-01-01 06:10:00,298.52368883646153,292.22050674755053,298.638020147501,289.5242123866001,301.27086946123103,298.70374778709885,102.46737384275207,0
2,2025-01-01 06:20:00,307.50379895317155,304.25110871056745,298.2567393279607,298.25371147840787,298.3918247439131,310.3837399178042,100.7638709044631,0
2,2025-01-01 06:30:00,302.15020823595535,298.4834576903203,301.89863093470063,298.36559610160174,297.24525942767286,300.24192559142904,98.62491309732081,0
2,2025-01-01 06:40:00,303.6632003860779,299.5964170994571,300.3931759515805,290.0089965773395,304.5816383735124,301.73244237948995,101.9960202197193,0
2,2025-01-01 06:50:00,285.51872310903155,295.6443311798124,302.0169501167704,295.30766044897075,303.22134079754653,301.3828457629746,98.69857292530982,0
2,2025-01-01 07:00:00,299.0465879961833,301.0871643658986,304.35033865344377,302.478409439863,300.7520945257179,301.8248050123311,104.80683117047656,0
2,2025-01-01 07:10:00,299.7119060148321,297.755395861951,300.33749267937503,300.9878299508619,302.24614217459873,294.61669745911166,101.33681592188474,0
2,2025-01-01 07:20:00,308.1671576615055,294.26827303490654,301.51317732619515,296.2286207499032,299.679308267035,301.6438120515174,100.64271443090054,0
2,2025-01-01 07:30:00,302.1096037711764,302.8220149394663,301.77775314837174,291.5760730258977,295.3313887362989,305.2346006382501,101.13990061068276,0
2,2025-01-01 07:40:00,298.51218248320004,306.8785340665581,299.2497220648374,300.62788226735773,299.1346408785806,300.07789523790734,97.80744982620959,0
2,2025-01-01 07:50:00,292.79974558702855,295.57418250500075,366.18502833458416,292.23636466091983,298.482320072114,293.5342733817692,98.79805207399328,1
2,2025-01-01 08:00:00,306.34588591271563,303.4886856407473,315.709834886439,300.165135214829,291.8466331629237,300.8548548578411,95.16709646957501,0
2,2025-01-01 08:10:00,380.0691344472449,304.27450189810355,304.8970545041703,306.593823078636,300.43429581580904,304.58314233078767,99.68050671926957,1
2,2025-01-01 08:20:00,293.9134757206849,297.5897660258589,293.0124088357806,299.5237746088733,301.9520117195813,294.44980947454275,104.09835784536965,0
2,2025-01-01 08:30:00,301.3905300954598,312.2788809978128,304.8944676995636,301.27124602067465,297.60294070590953,301.5810003810228,99.86721919181373,0
2,2025-01-01 08:40:00,294.7068032530146,300.3158272965359,301.6465789257589,301.97412872203853,297.0938241345858,295.5224529892745,98.86640965390781,0
2,2025-01-01 08:50:00,302.6416271710514,295.8868929225545,299.2482903870955,297.6918520487177,305.76166304370753,385.9506015785162,100.13694273705734,1
2,2025-01-01 09:00:00,298.5802909455873,302.00596108163444,302.4981855056298,293.51812040368077,305.7470986413186,298.4954799031932,99.44935355298914,0
2,2025-01-01 09:10:00,303.75687993537974,296.40796367215404,304.4746218847222,298.52525160853986,306.2387103633687,296.63254687878066,100.5579883244476,0
2,2025-01-01 09:20:00,311.1134781456754,293.8108952795644,302.6218137362645,296.325447927611,298.22946179276005,302.2676891687259,102.44916887525228,0
2,2025-01-01 09:30:00,308.11698281149523,297.2125410749608,293.1509851021046,299.5585897582437,312.8985466882716,295.98162716015133,103.27823361088814,0
2,2025-01-01 09:40:00,304.88191976731054,305.52024568241677,301.51342674497994,297.3292582515595,291.88477053267127,302.81672731252513,97.79844143432663,0
2,2025-01-01 09:50:00,296.4435068761973,300.1704173412961,296.1501338447068,301.1689295589537,292.2205217689819,301.65440116107226,101.66705792321785,0
2,2025-01-01 10:00:00,294.1369837156934,293.83265949359946,303.4749895038844,309.73271418757383,298.6975071903064,308.6341692110938,100.19286743758698,0
2,2025-01-01 10:10:00,296.5955635898046,302.6937799622319,295.39663203460316,300.84680412018037,292.9314275154751,299.4438696932565,98.19218471707042,0
2,2025-01-01 10:20:00,306.5700473732195,293.92728255136797,297.330454493416,292.9642798689254,300.3649837798668,303.90039089858294,100.15037417521238,0
2,2025-01-01 10:30:00,367.5031153046557,300.96024558245017,298.4544176789875,300.6677045239114,299.2376508180973,303.540543383443,101.91340463358917,1
2,2025-01-01 10:40:00,294.2162516483197,292.31076337035563,293.89841311392115,296.4065903727836,306.55036547218924,300.1958195218093,100.38666133390547,0
2,2025-01-01 10:50:00,299.51863345898954,302.2450548170947,297.3474618853092,308.4484520667936,309.4651820695583,300.13061215769864,95.06291416823139,0
2,2025-01-01 11:00:00,310.95953677372205,303.4032896976577,301.8652946766032,310.0097298340149,296.4846855099943,302.16983711232524,101.15623419494779,0
2,2025-01-01 11:10:00,297.3879893288649,303.5613574475294,300.60112816717105,296.38909346036513,313.1460631565014,304.56187306981434,96.80457616045318,0
2,2025-01-01 11:20:00,301.4345871433616,299.4218894252127,302.5513950526604,403.28017164898114,299.69739738846846,294.7415255595015,96.83748485816103,1
2,2025-01-01 11:30:00,300.1805508766506,290.98795546252893,296.7673523940378,285.5586439740364,301.4663465706675,301.41649709220076,98.41343621233266,0
2,2025-01-01 11:40:00,307.6537541617185,306.0938092584866,298.932785645349,307.4536306842498,300.74333728601056,298.3145701444098,98.77319467291812,0
2,2025-01-01 11:50:00,298.48765156755934,300.078433568978,296.356341593128,292.3285068680777,304.56217624629585,302.49763492547703,104.57736413759534,0
2,2025-01-01 12:00:00,293.1656065079229,298.8761729905366,294.1494348697032,290.9900978120999,390.72180479713063,303.79577580151323,98.84697919854656,1
2,2025-01-01 12:10:00,287.04478853927543,300.5442281510456,294.40684285900596,295.02946883478904,299.8453050142219,290.19920995853084,104.1211172332321,0
2,2025-01-01 12:20:00,299.86347730245035,295.33366020463404,297.78358874404245,295.5759864298655,299.1352697003829,308.5585424007117,97.25619771413729,0
2,2025-01-01 12:30:00,291.9321930106163,301.424449462861,301.0354693111648,305.71163227269176,294.3958881723981,292.00431756776493,99.18655383390683,0
2,2025-01-01 12:40:00,310.7865410663275,296.9714253849833,303.7104768600465,301.4964629020325,306.508706446994,307.80755598363424,100.06400829813154,0
2,2025-01-01 12:50:00,296.23291064826907,300.44323348699004,359.21606679016924,298.85508569254876,300.45021418826644,301.1848070785602,99.09035936822309,1
2,2025-01-01 13:00:00,293.2643685523515,295.14192980744673,306.00206953972213,296.71552860514305,294.7654450865903,302.68326376263644,102.371408309326,0
2,2025-01-01 13:10:00,303.5947665533253,303.03565550391806,306.5557944315905,293.73705493817255,297.4876875654469,301.40589781134724,98.14875830045126,0
2,2025-01-01 13:20:00,302.27943886040805,310.82501172450543,296.7824088480993,304.63920064040616,300.2850656244854,301.34296139431626,103.05693685282506,0
2,2025-01-01 13:30:00,302.53917878144813,295.73131732657544,301.7960470022892,302.784104203875,298.9481492071948,297.0261187272217,97.43740465304629,0
2,2025-01-01 13:40:00,310.2810356497016,294.4839581713916,298.89373188207117,298.6159335005554,301.5370334890455,304.0786860626965,101.72094697671949,0
2,2025-01-01 13:50:00,297.0846128071553,304.18781351679183,295.93177321970165,306.06865718862923,299.2997857402888,304.44299440165435,101.46889806697531,0
2,2025-01-01 14:00:00,300.90510779351854,293.5158402602208,301.9984397587632,296.74321553104085,297.3569165912512,302.93182009377546,102.47656614286727,0
2,2025-01-01 14:10:00,300.1063578836803,311.50205042723485,305.3771653155252,290.5041180604227,300.3921469950932,309.05687514332493,101.24709771380327,0
2,2025-01-01 14:20:00,306.44876377041373,303.3659067563498,299.30772008008114,293.87850881855314,298.95488371356987,295.7473977289535,98.83895310039055,0
2,2025-01-01 14:30:00,302.942892022103,395.5973854684661,307.2325196797329,297.42679225390924,294.448883067452,301.3899153237135,102.90962128998349,1
2,2025-01-01 14:40:00,304.1349719455866,303.9890133652471,305.63183430497804,303.9201659023255,299.4696904548098,306.1099856048675,97.85749170061455,0
2,2025-01-01 14:50:00,300.0292616836269,306.0536976946954,303.0951859914315,297.70931506393134,298.2114140886538,298.0300931834879,99.17634769136217,0
2,2025-01-01 15:00:00,304.90242499760285,298.7205932116473,308.96077955380315,300.4055012202001,298.9012984829856,298.41589119354103,99.51160032961515,0
2,2025-01-01 15:10:00,300.554105475669,308.03059745915647,307.8122975343106,295.0382858006258,301.92942191542164,305.33799650406246,101.69665900075266,0
2,2025-01-01 15:20:00,302.76636344475475,297.53120028819774,288.47948830121356,388.6310437253969,301.80572385173434,297.10459845760283,98.723312279714,1
2,2025-01-01 15:30:00,293.44313637456173,294.87906587835397,309.27046283167095,306.10516847762676,302.9104885173431,298.8675795057508,98.08112152655303,0
2,2025-01-01 15:40:00,305.99320685995525,290.3131884176177,293.7332590343906,301.7432217216711,292.9458775095606,294.1276473661664,98.94444627150813,0
2,2025-01-01 15:50:00,303.85719495957915,301.6158385709239,299.26198706850664,297.6698174906588,292.026484663666,302.5680005328486,98.93459832067617,0
2,2025-01-01 16:00:00,294.4429349393278,299.7417792241746,301.0284318748034,298.1077297407677,285.6435866852127,299.19547545975405,101.80035397382493,0
2,2025-01-01 16:10:00,303.8905459306301,295.00807280405854,301.50895949909733,303.83040139192343,306.1346661194215,299.49922961760024,99.59265249964606,0
2,2025-01-01 16:20:00,301.7751122721076,376.9940768968978,295.79859284671437,295.3858490513658,298.4808457600689,307.8405239735911,98.94784393557609,1
2,2025-01-01 16:30:00,299.92990230871203,293.4312109315698,294.5234919246507,299.15601606648926,300.55478048034024,303.934847827775,98.21773398279703,0
3,2025-01-01 00:00:00,305.79895622644653,298.1154288729305,302.71231930750116,306.27178434286355,302.0417258219739,299.97650297779916,100.89200018933437,0
3,2025-01-01 00:10:00,296.4836423871826,293.6515500646345,294.63266161130275,296.9632720061727,308.14661668309014,301.3194721522701,98.81904386291124,0
3,2025-01-01 00:20:00,305.0603393235193,288.5792607125883,301.1965423341017,307.14662131356425,293.3106325439488,302.7577963510621,99.52671562893791,0
3,2025-01-01 00:30:00,305.7514526545808,294.37853702897087,303.2509519036538,308.16326248848566,298.69543866941433,304.722454861956,98.62154185956629,0
3,2025-01-01 00:40:00,300.3618879314052,299.89097330959083,299.93198582777336,307.2867927913551,304.2122496245307,298.18642155210034,103.16557450824418,0
3,2025-01-01 00:50:00,301.37340536996425,295.1298188844106,302.29748653035347,307.91296982740795,301.8993392535454,309.14296806532496,104.03793222223973,0
3,2025-01-01 01:00:00,293.58530335350855,295.39064514198367,306.32289188669233,297.68417566764265,295.98318101969863,289.35011562208524,98.37329070442216,0
3,2025-01-01 01:10:00,298.9735986290251,297.3635702787989,297.4383516278885,298.71229889969123,296.3527265194513,295.94393393072227,101.86861949184247,0
3,2025-01-01 01:20:00,294.291179537421,302.67788723444215,300.24334368441527,304.78428439637787,310.09918945827127,290.84804434045424,100.76015741688354,0
3,2025-01-01 01:30:00,294.4069033278322,312.71833947650765,300.9140345460267,299.52948675770244,298.38930212404966,303.90899655656455,101.13537350186917,0
3,2025-01-01 01:40:00,295.7032985815034,305.71192571987064,299.9545671263687,301.5156148079592,301.83761151254686,296.91889723296697,100.77977363894479,0
3,2025-01-01 01:50:00,296.1381510784285,297.3800171327232,293.7139436257123,302.41886370475925,298.8229218904339,301.4299247036123,99.14231412873913,0
3,2025-01-01 02:00:00,301.38354521952493,303.6607028174256,294.4517724773962,295.8008737627392,300.6709258708886,300.56393931314545,96.75208558247792,0
3,2025-01-01 02:10:00,300.80781506719995,301.2181625000369,297.7045446822271,304.28545998493513,299.15549609846283,296.07982062503015,101.21727765974799,0
3,2025-01-01 02:20:00,309.71938446554304,291.88544376274416,303.9785157084987,303.09331968740327,297.6149881004352,396.1191145288563,99.36485360235253,1
3,2025-01-01 02:30:00,296.62269277572113,302.9334690073764,297.62548171688735,304.35648648728625,293.27010159876625,300.6318978977321,103.87785799811657,0
3,2025-01-01 02:40:00,305.14341305348194,293.41625576588973,303.61805293614435,303.3373039081966,293.9395505403087,304.1711633287008,100.54539558705987,0
3,2025-01-01 02:50:00,303.25190894360634,299.3368312680871,295.1273534766468,305.53540334643486,299.398094180232,289.1366522699298,101.69484335430084,0
3,2025-01-01 03:00:00,299.0623293997256,295.2871730427847,298.89069548102344,302.10842234132224,297.82388883599685,303.75293426917887,100.39195006772921,0
3,2025-01-01 03:10:00,301.584897088867,295.322806489777,305.4299105808752,297.3201827744298,304.0402889914057,301.83643656700673,103.67636735359025,0
3,2025-01-01 03:20:00,290.5739997398944,298.5186627824556,291.9681149719541,303.89617017156803,305.25055298054457,295.680243892896,100.856625924947,0
3,2025-01-01 03:30:00,304.4956785684375,299.47775390731266,299.15589138404994,300.3502608155659,305.80939151304096,295.36323432904715,100.47673796546957,0
3,2025-01-01 03:40:00,301.3257776364944,303.2096526748077,303.2664158662477,313.4376718284848,290.9498379836371,296.5603306658141,102.94811210497616,0
3,2025-01-01 03:50:00,298.23993462573264,299.31275742686154,304.7643727360147,308.06139128994323,306.57457226792025,308.19982264685694,101.48425498214378,0
3,2025-01-01 04:00:00,295.17251007085474,300.1508078626756,298.71706034908914,287.98623032550154,302.1211712985595,300.71669583803117,102.95815794681153,0
3,2025-01-01 04:10:00,303.0557182732477,296.8867531913277,300.97303727618623,296.28764707150975,293.3998874438965,296.9411545454736,99.92592640590317,0
3,2025-01-01 04:20:00,298.8990268649602,289.66072636782,302.26016672292883,293.7996985376471,295.5283368845579,388.31880259948787,99.59012992437351,1
3,2025-01-01 04:30:00,369.88509333655475,297.57516481250514,303.87722735381544,288.07821662321857,292.794336900717,297.5382449393022,97.31419120346078,1
3,2025-01-01 04:40:00,301.06598314118844,296.2401533413059,298.40473032166693,296.01987071598256,305.380035692993,300.1065582433597,103.80238137150602,0
3,2025-01-01 04:50:00,299.6966959309269,298.00444073898626,296.73551613794217,293.11149613441575,290.710039791878,304.15674633531626,99.63704334084161,0
3,2025-01-01 05:00:00,292.09404648983934,304.47519157038056,297.5846947415828,300.73396505992775,308.0611031412771,304.48419657932766,99.46293870418833,0
3,2025-01-01 05:10:00,295.5440388729236,295.5592605213631,298.4655942565631,307.6069924891596,297.5453127506432,302.5596204551464,99.66338353207585,0
3,2025-01-01 05:20:00,294.54800461278575,307.05466189873135,299.5070593385787,300.0942481147242,303.5410721162828,301.1660806563175,101.90627326782649,0
3,2025-01-01 05:30:00,301.43562082600914,300.2917550214274,296.2760789663674,291.51451307506875,387.17328435208526,313.39054936819196,99.02869764781866,1
3,2025-01-01 05:40:00,299.12681074095036,292.5748892085955,305.2397103087607,298.323021386131,296.3068459398697,299.1597246715582,102.23603130915228,0
3,2025-01-01 05:50:00,300.6572920039061,297.1905716822629,293.35697390202216,310.95412579936374,293.1073532497838,298.2048871807211,100.46425702371734,0
3,2025-01-01 06:00:00,299.60864668098293,298.2719524265165,306.9853975036666,315.43577575099204,302.24390259283257,294.8518265883606,99.69106896226405,0
3,2025-01-01 06:10:00,302.15286336047023,306.36820166075825,297.5086605844983,295.67243407611994,301.0417764797964,300.5358011389112,102.39338163530928,0
3,2025-01-01 06:20:00,307.5731845329018,310.1783915951938,300.1397572762223,302.09093539233874,291.1635132344471,292.7451336877946,98.32360737198096,0
3,2025-01-01 06:30:00,297.78190847741473,300.23057053100524,299.7457373937946,292.9812167747371,292.7341742687286,286.8810588222537,97.55865990063617,0
3,2025-01-01 06:40:00,295.68975059297753,300.4749994174852,294.62367705886834,301.6491997681167,313.16462218464926,290.97197263546616,98.96751582598168,0
3,2025-01-01 06:50:00,296.61747439275433,305.311171651748,297.66282828087515,295.69969572438464,302.7842058927646,310.1664688473323,100.17070723777562,0
3,2025-01-01 07:00:00,300.85415949206646,306.3010370303942,301.466310516234,294.0849250333394,297.39049092908425,302.82407074841467,101.42066499247726,0
3,2025-01-01 07:10:00,304.27554316077345,305.32673813270816,296.8282844708216,308.59425245202414,298.5644665373488,300.4239143232198,99.83069491630314,0
3,2025-01-01 07:20:00,308.3222012697411,307.80953212383054,297.0269708308025,289.51052279345663,296.6073533231763,357.81815994049197,99.27670944462868,1
3,2025-01-01 07:30:00,309.8394947146407,301.8855019695109,299.8536859315751,305.6302512538608,299.74303138205755,291.1348376589656,102.52384300142798,0
3,2025-01-01 07:40:00,303.1989366589777,296.37365511019465,301.20235624665105,287.9012737629412,313.5797328615644,298.6514073422133,102.38791251997655,0
3,2025-01-01 07:50:00,298.31551087208254,302.7780223300172,300.4479034062762,299.0133078984634,299.24363358173247,299.0254585982366,102.26754019373413,0
3,2025-01-01 08:00:00,299.32372837303154,305.01783280091644,311.6662220214265,300.9614133719952,309.7853182027082,298.792927947899,101.90392072701961,0
3,2025-01-01 08:10:00,305.50577881123644,295.1417163272936,293.10190917605536,296.86641387705015,304.3119673619138,304.76562522688045,101.02617084019458,0
3,2025-01-01 08:20:00,302.5752133663809,303.57829122378945,302.10689905549043,297.0307991887668,303.48551427954135,305.91226913302654,101.16900643223862,0
3,2025-01-01 08:30:00,302.2482795331293,299.8673937037547,295.59062674386143,299.1846651802812,296.27548677596775,296.6241086251281,99.71096265856896,0
3,2025-01-01 08:40:00,300.5339359673709,299.3261571044244,300.15095393605077,303.0430372117837,297.68365522169586,298.9027809417757,102.91004244552633,0
3,2025-01-01 08:50:00,300.0154206341251,291.9622006781551,296.18637610716894,296.1542882510635,295.3004844944557,304.1473742096587,99.61234772245439,0
3,2025-01-01 09:00:00,292.29603478784566,299.33741660229055,300.39448048299255,300.11569361549084,291.7354065108056,306.015563232154,98.29065411005716,0
3,2025-01-01 09:10:00,301.6751856263123,284.9024392208959,300.9192477237685,309.00255590755427,306.19473176469717,301.0482970763731,99.01672762873591,0
3,2025-01-01 09:20:00,304.2168631107853,302.7972453799752,301.182908754381,306.8485438898489,294.2218725916557,300.32634097671274,98.52239426253956,0
3,2025-01-01 09:30:00,304.44958166282584,385.6772662103914,297.95358780943445,297.37955801032706,300.7617743601686,295.887900338089,102.24206133464894,1
3,2025-01-01 09:40:00,303.4693922249033,307.98039867766573,300.9485586436276,304.508054572842,289.6328955553181,297.85474036576073,100.36980163385796,0
3,2025-01-01 09:50:00,294.7351746079985,304.2925657672375,300.75698843946606,299.4382305426481,303.20625196664196,303.01643016836897,99.66073176180969,0
3,2025-01-01 10:00:00,303.69040187454823,300.55444739443885,302.30756202507905,304.5174035427034,297.9277094911484,296.95706956996787,99.66298673813026,0
3,2025-01-01 10:10:00,300.9974397113871,301.9112746957246,295.9801146317963,311.20567284510366,297.948592820145,287.873928610637,99.93965666674173,0
3,2025-01-01 10:20:00,295.0188397188874,299.6922836305998,306.35349792546094,303.1540792457231,301.09958575302966,293.3695247047657,103.24320019953264,0
3,2025-01-01 10:30:00,296.8918641298205,301.96232570563296,303.14797068196987,305.74711718000634,302.8656602634625,303.36443108158727,99.67116711907724,0
3,2025-01-01 10:40:00,300.69149344892907,298.3004274711539,312.33601855406243,295.03820856754743,305.01042608295205,302.5859841726951,100.45974441624787,0
3,2025-01-01 10:50:00,307.3994304995692,294.5881633061382,303.9427430915865,300.8824365518131,300.4116494335854,303.29515674436203,99.44897941906319,0
3,2025-01-01 11:00:00,303.0851508516035,301.83694345315314,299.45445741173717,297.55701209003666,298.6550274634833,307.8258596626444,98.26826712574189,0
3,2025-01-01 11:10:00,296.4037833101852,301.1582400774199,305.48921180444137,299.0414704305143,296.5419121509055,294.367265938581,99.0636344173819,0
3,2025-01-01 11:20:00,293.96864345358597,293.5986579531853,295.76694145433333,303.656232533352,304.7785397806054,309.59500446609303,103.76472371702695,0
3,2025-01-01 11:30:00,303.93156354940226,301.7789648746383,303.84258557074776,306.30966938365765,300.89859226549225,292.2381126920747,101.5779267104688,0
3,2025-01-01 11:40:00,301.56034798897485,300.74965835031696,296.9003290629755,312.03688791965607,300.86297051957433,297.7863747390767,100.30323765472126,0
3,2025-01-01 11:50:00,300.1271335130582,310.63217794486604,302.1648834136387,304.20004913372804,309.907895824076,296.6458198163325,101.25939970542517,0
3,2025-01-01 12:00:00,304.16449664298693,301.2589385344697,297.6979669218038,304.3237234582042,304.5172451804555,300.30304417837465,100.87676516025681,0
3,2025-01-01 12:10:00,294.8414149403322,299.2429338494486,302.08230722378073,301.5052223813723,308.72508214993894,300.82829471784265,99.23383317289488,0
3,2025-01-01 12:20:00,299.97587689047435,303.86506681126906,291.5547077533555,296.40340004935223,296.505247802682,306.2610645487991,101.30930832581602,0
3,2025-01-01 12:30:00,300.923263879523,293.46212808054497,300.9583044586739,311.44473744856606,292.2161832706064,299.71196018142246,102.24647864964764,0
3,2025-01-01 12:40:00,295.8065523814805,302.0141086054149,300.05087535370717,300.92471141437204,308.08285247058706,294.5064876130765,100.57183732095197,0
3,2025-01-01 12:50:00,295.9050165492066,302.7334766188294,299.4368808536861,292.45153620373225,300.6057345092495,304.1161443917341,99.83889621636155,0
3,2025-01-01 13:00:00,295.8878421137257,306.58479418343353,295.8168603535469,307.9161276484625,305.2499214628569,298.4110969783197,98.54184167379461,0
3,2025-01-01 13:10:00,305.23956484565286,307.4293413775884,298.8971376625958,301.5300719900895,305.2733315602159,302.3172153618041,101.09304526194408,0
3,2025-01-01 13:20:00,306.83495216339423,301.16602981992605,300.30160957266486,293.38364488447445,296.9623682882676,303.8038482097968,98.8854393992746,0
3,2025-01-01 13:30:00,292.7158106530334,299.9639997710483,400.621580693989,285.49238158653213,310.0018375575404,296.3446308247447,100.48387273894714,1
3,2025-01-01 13:40:00,290.6673002431969,305.0375684491846,296.5768508712,303.9531279958138,290.14948091144083,304.46298669149655,97.57765614143844,0
3,2025-01-01 13:50:00,303.6538205953326,292.36864501638894,300.1628778870428,301.06951934100744,299.05293164509226,292.2987618398446,103.96677246970343,0
3,2025-01-01 14:00:00,308.0860628748431,300.52177968761606,295.5060797583844,293.348431871305,299.05439804611484,304.6082505596223,99.74490175924493,0
3,2025-01-01 14:10:00,307.55577465123673,302.04514026871317,293.37245044158794,362.00848414600455,294.86890180627483,298.16884230340867,100.88776046043488,1
3,2025-01-01 14:20:00,299.45511953852326,305.1698162824951,296.73521004371094,306.066906999525,300.3158961377826,306.55192351084986,98.7910167824399,0
3,2025-01-01 14:30:00,299.75595205947315,299.16401928463824,303.3308303273583,308.3461437732015,312.1720431661884,296.7508926092959,100.2679198143313,0
3,2025-01-01 14:40:00,295.66789694275724,303.22807737084867,304.9749083439618,299.1873693593505,305.53495206489254,295.4636997661944,97.83237830002633,0
3,2025-01-01 14:50:00,309.06670602622773,304.26862336128636,301.1816295136389,297.1466432569334,303.671091093541,296.9169747297725,99.24764679443662,0
3,2025-01-01 15:00:00,303.5268260511423,296.2443697153678,294.14165070966357,300.71007706127614,293.55006912087396,291.0026803426231,100.26651446772256,0
3,2025-01-01 15:10:00,291.25389978494894,298.37613263360413,311.50197821342584,302.37683017173606,299.2682882317258,295.377513953722,100.66033368238594,0
3,2025-01-01 15:20:00,370.83240351687743,304.8006925323987,293.9711893577223,299.09496930670196,298.6277998644549,301.1019079139402,99.59015241645179,1
3,2025-01-01 15:30:00,299.66061113963514,302.19750615310113,303.89468251756057,302.28886433075945,308.3724621667377,299.9720199058548,101.33748331118503,0
3,2025-01-01 15:40:00,302.2709158359492,297.32633376220207,296.4375290359588,307.2221019407685,299.69855504304195,302.2739758482119,101.54826292323872,0
3,2025-01-01 15:50:00,294.9928146174746,302.50332860690605,300.2488684359048,300.0353157931409,296.6983943026328,303.4941421010127,100.84194588877878,0
3,2025-01-01 16:00:00,301.2181852351376,306.93379033065577,295.01804155416465,298.60063456916987,294.4142933656174,294.9395255710121,100.75314803027825,0
3,2025-01-01 16:10:00,304.04928920818514,303.4178466160024,293.1702214439973,306.059719926932,301.3062526561693,298.15361430376896,100.2867769346845,0
3,2025-01-01 16:20:00,294.9876403419705,294.49103401040054,306.24890350701804,292.42452328522177,306.088742428256,295.65779485373923,98.62958760428118,0
3,2025-01-01 16:30:00,299.2422227249501,297.3209926847385,291.4632102120353,294.4173778002567,306.1790581000347,299.22050911031664,98.9034254070188,0
4,2025-01-01 00:00:00,306.936287055263,305.73311958280965,294.0726882320245,302.60484082787417,307.60169618654754,297.52609527116556,99.41147025641288,0
4,2025-01-01 00:10:00,297.35981501073525,301.7189394077494,299.7567382421477,300.1639849770579,296.20752332649965,298.84799642897116,98.15153371146339,0
4,2025-01-01 00:20:00,296.78621348525724,308.50760535210367,294.45871269092004,291.6937841864679,295.8574228193125,296.68607760602816,96.50509383060987,0
4,2025-01-01 00:30:00,299.35979146862695,301.0363366469947,300.34672168518125,296.3913122333137,300.884104360697,297.2665995770637,99.4566897793479,0
4,2025-01-01 00:40:00,307.49291286005933,306.23878417038105,305.94955698620583,305.0683787027193,292.12510265283487,304.63031188905984,101.31120285509901,0
4,2025-01-01 00:50:00,292.3173819252811,302.7573813761976,301.7029460820025,301.95347960464073,293.3676393584446,305.23658853310724,102.33917998485555,0
4,2025-01-01 01:00:00,300.21889881356947,298.72079431548457,298.36440901705595,291.88222380988435,299.4511524809193,302.48742628652826,99.22923334494956,0
4,2025-01-01 01:10:00,302.1022623862378,299.8822392456288,299.1282287104858,301.1265396102047,298.1523653558332,299.3426370216417,101.65209434288302,0
4,2025-01-01 01:20:00,308.38731465156303,297.5377696283474,300.0790377205592,299.56622124725527,307.84119879459826,306.45184061097336,101.61506199963762,0
4,2025-01-01 01:30:00,295.13378843313734,301.47112064506746,298.8279609984184,296.081171672068,367.78587125967135,295.4190404225938,98.33635558353912,1
4,2025-01-01 01:40:00,302.3016493658991,293.25225575912816,291.40624553568915,306.3749455965002,303.8408978223142,298.3341416758454,99.73190683348561,0
4,2025-01-01 01:50:00,287.9632789650803,297.62910421710177,306.62982337142614,291.61545763015374,300.4627030774681,298.031952813257,102.93959785255457,0
4,2025-01-01 02:00:00,297.0180239103226,305.3713380645493,297.89802438819186,306.81308513306686,301.6507130789454,304.4718394360619,99.99566709354423,0
4,2025-01-01 02:10:00,306.36029491169944,301.91431145810725,297.60287629142033,300.0134267037739,286.4908243292528,302.32792008270513,102.68574842589882,0
4,2025-01-01 02:20:00,291.6769513248312,308.13071399391555,297.6341496468198,299.8471491829125,296.59524462096624,295.4910920664959,101.4745826330941,0
4,2025-01-01 02:30:00,299.2069166147434,307.43863517829135,300.4264065898287,366.54231192041107,302.7323188207383,306.797057099807,99.52175261099408,1
4,2025-01-01 02:40:00,314.74547212654363,306.2233979036839,293.2446281689599,293.38771021628213,302.4093303085925,302.73632398688983,101.09776767063472,0
4,2025-01-01 02:50:00,298.7252210322315,294.2723089100054,293.1831368763942,303.53818211854247,300.0451909325615,305.3243836964512,95.71946824244404,0
4,2025-01-01 03:00:00,301.8374083273715,298.432351569138,304.6090075098863,302.4134394360461,302.1004724522592,303.0342529660783,104.11308712965908,0
4,2025-01-01 03:10:00,294.3455578233704,295.0609558270599,302.67389272902506,294.8149121530612,303.71907849250226,300.56052473412257,103.48927834651737,0
4,2025-01-01 03:20:00,296.4521007262541,293.70747544662333,298.91491474787813,298.4575860577209,312.13358243172763,302.1647991268035,97.24476499849152,0
4,2025-01-01 03:30:00,297.1761299791453,300.56275357504114,302.22517932058093,289.5394638518739,307.0641702838495,306.70850381470996,95.3386904729062,0
4,2025-01-01 03:40:00,295.6585363406182,302.6731454306122,286.8212613049156,300.0168775329858,301.6391058642154,304.62135069768914,97.97220809541493,0
4,2025-01-01 03:50:00,300.4284358070168,298.3213450254014,296.0527731987951,302.16744858724263,295.969662206251,297.6357428882518,97.4311392511848,0
4,2025-01-01 04:00:00,300.1911899748001,292.7570429268323,298.50161675996605,299.7489769147913,313.1039654551499,294.4401648711292,102.92835447750487,0
4,2025-01-01 04:10:00,304.98429386732903,306.2224903801053,300.6601046130878,301.8072101847366,301.69173333460793,289.57092070538357,99.6262608062992,0
4,2025-01-01 04:20:00,293.40376402700616,298.9850968130217,295.9998071780118,299.6823771269232,306.1871906734207,371.6764962202929,99.91435323737684,1
4,2025-01-01 04:30:00,300.290113674042,302.85939033089176,296.2560820567799,300.7730421476039,305.90022684405585,299.81702068718727,100.7119542479195,0
4,2025-01-01 04:40:00,296.2459734745613,299.53193795358277,303.52267399551255,307.4488257003428,295.5745014591643,307.2853931276828,99.09487666159727,0
4,2025-01-01 04:50:00,299.35045108509655,299.0840304088904,303.2558073032616,301.5786794943868,301.5281461522908,307.230973327477,97.22221689165384,0
4,2025-01-01 05:00:00,291.69758666153086,309.09819676030594,306.03275968118385,313.7505359979038,306.6918186572319,294.35174885199757,101.33729972032118,0
4,2025-01-01 05:10:00,295.409956188891,293.842656257029,306.5374209477167,294.50385874820927,298.2408791383139,303.1963476892846,97.06758433820767,0
4,2025-01-01 05:20:00,302.64940348193323,302.06117269928353,307.9458220962396,301.2812889602147,296.2565989924743,291.4989512874117,98.3898852153132,0
4,2025-01-01 05:30:00,307.52707800254234,301.94800197397285,293.85700742148094,304.71284274268095,304.302280242111,310.3868999779562,102.842565965905,0
4,2025-01-01 05:40:00,290.90879783001424,289.63126906406734,299.59164484574006,302.7168978447238,308.15333888618784,312.0989586650523,102.63972134133095,0
4,2025-01-01 05:50:00,303.63582872199015,306.4871071064485,300.57173445651847,291.1753980792758,389.2777512452914,305.1969752652107,100.99332946845475,1
4,2025-01-01 06:00:00,303.5631424192321,303.7977323478902,295.2528783663712,307.17367489832174,297.6996187293325,299.6680619120501,99.33472536329808,0
4,2025-01-01 06:10:00,302.45771060438653,300.47672099720654,298.68275891958876,303.395713877191,298.4897725025507,298.35276106826456,101.4637414085766,0
4,2025-01-01 06:20:00,297.65425484987094,303.2231412315885,296.4635330968202,300.62682657882584,305.806993937157,295.94371440431405,100.73720165824041,0
4,2025-01-01 06:30:00,301.57862633467744,294.91658435711753,298.779597631629,299.80346356186186,299.32751607799133,301.6692998328427,102.86273356366237,0
4,2025-01-01 06:40:00,293.99348325116085,303.4594057242754,306.6745162392172,303.14874939199336,305.3570565094375,310.10024553464825,101.93352092521789,0
4,2025-01-01 06:50:00,301.65286696312717,300.72443916548445,300.11951521642476,298.24292882143135,307.81706679416055,295.90785667029,103.06473544935623,0
4,2025-01-01 07:00:00,303.51820807896587,300.7957947266605,298.96759507411576,302.8024069940247,292.64597459163366,300.7058464934577,102.23691528969576,0
4,2025-01-01 07:10:00,302.74657822279113,297.0382202217397,300.6177384797779,309.77078716875144,297.4712664786903,294.705462064717,102.9633268049252,0
4,2025-01-01 07:20:00,300.0068982550399,293.61613523934454,305.564732651036,305.3882565476457,293.44158624766607,304.33816041953065,100.80820331001802,0
4,2025-01-01 07:30:00,375.3750007056768,302.8144043008718,295.6009282324897,309.9353055584972,297.3451455109402,298.32431109414273,100.68467566897924,1
4,2025-01-01 07:40:00,304.2325904586367,302.4988321924801,295.09869411851247,315.3097348270311,294.48408621345885,298.4372863144992,96.69054344718,0
4,2025-01-01 07:50:00,302.6939907938463,308.77737849157745,307.86509862607426,297.6709721544092,299.24581144216654,299.630262171958,99.09668104768076,0
4,2025-01-01 08:00:00,304.65785634340534,301.3063334206595,301.6597127833343,303.995894099527,302.1439531996936,298.2944604872564,99.66706174352954,0
4,2025-01-01 08:10:00,301.0593933932591,304.476777153813,296.84211135417337,301.2658261901899,304.10172006306226,299.83193717648146,100.90948182428227,0
4,2025-01-01 08:20:00,299.0878950142379,297.57685617998015,301.7153350446297,301.54225054165755,296.6685789974505,299.111530114433,98.68079546296154,0
4,2025-01-01 08:30:00,296.47565773092253,297.54423126428946,298.57562253315166,298.7191012375231,298.7925127706461,299.6911790006994,100.95888303617213,0
4,2025-01-01 08:40:00,296.936526770612,305.25947528632804,294.9253259684518,296.19406807592765,356.5981501695062,297.09928174248614,102.73850959484375,1
4,2025-01-01 08:50:00,294.3071631347519,300.9964865499603,301.433649195419,297.5557507862861,298.6078355868058,302.6661278077782,101.69927000351973,0
4,2025-01-01 09:00:00,299.6195161569402,293.91301940505366,296.47222954110873,305.0400097362252,300.582191203317,299.4948061155904,100.62609941982629,0
4,2025-01-01 09:10:00,299.8117002823728,295.01829158913097,304.91558816488276,294.2717071441732,297.4775175786418,303.14957431023146,95.92113700336013,0
4,2025-01-01 09:20:00,294.60462249966014,302.94569679513984,307.5840643356494,301.7891917433551,287.2825090852226,309.9356548533505,101.49384693814211,0
4,2025-01-01 09:30:00,309.78209126594226,295.99270514635134,301.6540546262988,298.47795126831096,301.2107874537062,296.4305450628337,103.38035526669192,0
4,2025-01-01 09:40:00,300.21466122607205,306.72338060051067,300.4715428946448,308.6374136901549,298.68127306075695,305.01325456493913,98.24345985265327,0
4,2025-01-01 09:50:00,304.8097830977769,298.91622491756914,301.1485550840115,299.84710490248267,305.86516266912855,304.2355915948982,99.60734488794925,0
4,2025-01-01 10:00:00,307.80474899549534,310.17516350682956,306.23133671561493,297.18954837347906,298.47597955241133,303.6945773552184,101.0392289196956,0
4,2025-01-01 10:10:00,308.1417297969568,300.67701241241804,291.65780623048687,312.64782252731413,303.1220970612828,303.3505002006258,102.7316355051241,0
4,2025-01-01 10:20:00,299.2634980137249,297.3366951374562,296.16289499964165,295.6180763327735,293.090023387034,301.24950854558864,98.00049439782374,0
4,2025-01-01 10:30:00,296.0823890793231,300.71046122810174,302.87350630832674,303.7107640218823,304.99408322389075,306.86058423286187,101.21449090736681,0
4,2025-01-01 10:40:00,301.7986838217873,300.843531305476,307.3076310313825,295.6392316040335,310.11800283771237,298.5894998998136,97.56378405690135,0
4,2025-01-01 10:50:00,303.2675097602793,307.6718176672051,299.11181647307313,301.52553366620367,295.45199461903354,303.6149313155961,99.09251677432334,0
4,2025-01-01 11:00:00,296.11304962070545,303.466623451663,297.8582738014707,289.765326566386,300.65595045171943,300.43214258539217,101.76214314724523,0
4,2025-01-01 11:10:00,307.78000285919603,300.4956326807732,296.78234651147807,294.21732007581136,303.02942773978634,305.6385600409744,100.35718103478561,0
4,2025-01-01 11:20:00,299.00679870171984,303.16483825300406,305.6095285549107,295.90798034735656,295.83007822900265,299.30353994111687,98.76954161858416,0
4,2025-01-01 11:30:00,291.7937339882007,293.83531823004586,294.984100845386,300.5997534007937,297.9941789719441,308.4974722633567,102.15600674541496,0
4,2025-01-01 11:40:00,304.3675821223488,292.5386560667007,300.804894735895,312.6675808267326,303.38573433178817,298.77349729333736,98.87962694956359,0
4,2025-01-01 11:50:00,289.8876920763955,289.69650742668045,302.8950385007463,306.94982034302103,298.48120109240114,296.4748125993017,99.1254811892446,0
4,2025-01-01 12:00:00,300.0957745752893,301.14850373583926,293.0580492961415,298.91358151531585,297.5136619303883,296.7954782537596,97.96592666121711,0
4,2025-01-01 12:10:00,304.706289273974,304.24505456638275,299.47381515959364,293.4319242696047,304.2690428115453,297.22228919212284,98.25664384232623,0
4,2025-01-01 12:20:00,305.5342509109491,299.4297041381382,304.19796772833604,295.1558418422662,298.08154790209505,304.7700690792365,98.38878920314748,0
4,2025-01-01 12:30:00,305.06068230454264,299.277657923501,295.26476671079735,300.73770455932663,300.3849420986245,305.0928665159302,100.58228861647208,0
4,2025-01-01 12:40:00,299.7173012800913,293.4888039549184,301.7414466504988,296.3376577149417,303.8788360870159,306.8603071197484,96.38888547716597,0
4,2025-01-01 12:50:00,306.86903913713553,300.2154150401219,298.7172450972356,309.48206202886394,301.0989216171223,306.9627262686298,95.9017522270928,0
4,2025-01-01 13:00:00,299.09607818052257,298.46715276433076,298.7932811279675,300.8420097846774,298.95500019653133,296.79735271746256,100.3489185896734,0
4,2025-01-01 13:10:00,295.8185594063731,300.95357483358396,301.33096124093635,304.43515511066454,307.5739102309708,298.1814447545623,100.95470127947294,0
4,2025-01-01 13:20:00,303.38819844241675,303.9525068033086,292.16335423237734,301.8917359780363,306.8406490385443,298.21854852697606,98.85090604773224,0
4,2025-01-01 13:30:00,297.9006826945684,300.1166475432359,297.662003297525,294.6175136579518,301.10643060865266,303.22253137636903,100.61174411019206,0
4,2025-01-01 13:40:00,297.55804134591483,302.1005899912599,300.4035331319337,296.8440511527831,301.4139434824184,298.5464462832339,101.39413054802877,0
4,2025-01-01 13:50:00,298.8041680996548,298.4910930647512,298.6714308119427,307.47125623128164,302.18167594207756,296.4274273379713,101.79394887724095,0
4,2025-01-01 14:00:00,299.2899619348524,296.20573934481183,303.2019859245584,300.74485974663605,294.5322142705588,295.88764543575354,102.3754383543328,0
4,2025-01-01 14:10:00,307.6778118895771,296.3979257159808,296.1885874600134,307.75124836386084,300.3485115736591,300.38119113840787,99.64040110969694,0
4,2025-01-01 14:20:00,303.68626266471597,294.54194402685897,296.8158677513833,290.71140069321143,307.9802424569778,298.2163071837049,104.66657864329956,0
4,2025-01-01 14:30:00,309.77615015453887,296.47197109763914,295.2895673262254,297.7146789697783,300.2733970424088,300.49534537961705,96.96538756864301,0
4,2025-01-01 14:40:00,298.576165112314,296.8425763365735,304.470247986624,297.51644588034793,299.74858512818753,296.8043823876402,96.96492573596922,0
4,2025-01-01 14:50:00,295.01982436148666,360.4981217824873,297.00085561728554,294.16881053070347,289.4207921738339,301.51155652573823,101.50565442761695,1
4,2025-01-01 15:00:00,301.271291398705,298.1395587927352,285.7825735397411,300.1024650646301,301.5280718062561,291.9366912097989,100.9988221383892,0
4,2025-01-01 15:10:00,298.597116610276,300.7656128129554,304.9535412685176,302.69066482284234,304.15253978830043,294.67232655051527,102.38634172995029,0
4,2025-01-01 15:20:00,302.2580534136313,298.17231358120915,298.8069661537185,306.43282411085306,298.44816810903967,295.1553532587571,98.33239999672881,0
4,2025-01-01 15:30:00,310.9117825059635,288.3112258328242,293.1663413325855,295.182612311324,296.8803534960863,299.4764337068733,94.59303974047685,0
4,2025-01-01 15:40:00,297.7291570692021,301.69800926710843,291.25626961931806,309.9054044696461,303.27052797928303,304.33495109864134,97.85169323624677,0
4,2025-01-01 15:50:00,306.413243206483,297.1039992113934,298.8751335035584,303.1811868768946,297.4465236512292,299.4036876320488,100.5471876326789,0
4,2025-01-01 16:00:00,295.13384112335973,295.1814246607159,298.059510464502,293.0550743191377,296.5431275129303,305.22567274192136,101.64661890420837,0
4,2025-01-01 16:10:00,294.7506037955362,299.3986470489873,300.0806464762251,300.2888718200676,296.4216499314118,307.8213475947301,100.82205330963745,0
4,2025-01-01 16:20:00,292.9954033594544,300.30221394962905,299.08168483748767,295.826183053038,297.6572125683707,297.1650626209529,97.73652656136473,0
4,2025-01-01 16:30:00,295.70926377051666,300.70892710230135,297.4804026431287,294.96199652669986,295.1353955700438,306.06486364613096,97.49648462727652,0
5,2025-01-01 00:00:00,304.0225052797448,304.5804161209833,309.6872744846921,299.21980116653407,292.71196160502245,301.3551890038106,98.66199075424036,0
5,2025-01-01 00:10:00,295.2124735834223,308.4283271244601,301.7085019181547,294.77712890071643,291.31591795727985,299.60880703828366,99.82175374093353,0
5,2025-01-01 00:20:00,291.1199883053073,304.637037458944,296.88267829821984,303.72449224696845,293.6792793248617,294.53281708951795,101.72486681911072,0
5,2025-01-01 00:30:00,301.70254046371014,300.71671941297944,294.35688501493655,302.3391336261798,310.4063481438336,301.22948413456453,94.09384979869746,0
5,2025-01-01 00:40:00,297.68338817581696,294.82671189781536,300.2176490537906,308.0415273602769,298.1658616704646,307.4888827062101,104.2286634294602,0
5,2025-01-01 00:50:00,295.2329054881116,311.13009442883344,300.0546224278678,299.7173505831016,298.0864060392072,296.70854879370387,99.21514089108437,0
5,2025-01-01 01:00:00,302.7779434233447,312.14641321475625,299.01996583264156,291.6868683887432,292.9737540461335,299.8210515703085,102.3544135961045,0
5,2025-01-01 01:10:00,303.18676841437696,301.4179500576142,312.48408920178247,299.30974075013813,298.5718021625071,303.4183621070846,99.88910527577241,0
5,2025-01-01 01:20:00,306.193478845322,306.555779340563,303.807108836985,293.7000926078084,298.1979500721507,298.628574846437,98.68570033842288,0
5,2025-01-01 01:30:00,301.71175589514803,301.83585080116717,293.8270377710788,295.0005003686815,298.81406130793965,300.39463909536113,99.39272292602429,0
5,2025-01-01 01:40:00,299.68945335039905,306.1441964753628,303.44702468390136,305.53318892109047,299.7047395887008,308.94656542932086,102.33377575137972,0
5,2025-01-01 01:50:00,302.54768147717965,301.9271628587063,306.4082960839195,303.5839939899475,289.46618954300254,301.8816088851559,100.62243179590298,0
5,2025-01-01 02:00:00,304.4056156963976,303.5093789065396,304.3682983844715,297.5136801668191,306.52044230023495,309.19384211883187,101.68407679464941,0
5,2025-01-01 02:10:00,295.95355856377853,298.88420182909556,302.71803963740064,299.1856343950421,294.74042537472155,300.43212709393094,99.571650925729,0
5,2025-01-01 02:20:00,301.01144528193146,298.7939862509993,299.63077036417724,303.982877537645,289.9402098625009,299.9430479576063,100.57597518985465,0
5,2025-01-01 02:30:00,303.9179153427365,303.18182863876467,298.3633990186257,294.2391531023999,300.89015367339687,300.61553042293804,101.84866856598356,0
5,2025-01-01 02:40:00,307.79360606421716,294.5646381171524,297.8182026564088,287.9606583653656,296.0215511850236,299.0807655963906,96.07458483998313,0
5,2025-01-01 02:50:00,298.026865939008,299.394516557671,289.9661065611676,301.35695490498847,305.2859649949246,295.0688775685874,102.8371133727837,0
5,2025-01-01 03:00:00,296.054291858037,301.72806708192684,292.1114895418357,302.35571874881043,298.3804009172654,306.6499841877333,101.35902450815883,0
5,2025-01-01 03:10:00,305.4835321517006,299.5971710084381,290.2419640322992,296.823862667354,303.5211114474221,301.4005513052329,96.99355613117427,0
5,2025-01-01 03:20:00,295.09177464912386,294.7073997497872,386.49577799565196,296.2304323531668,305.09177692114133,302.3267308676332,99.95204539500408,1
5,2025-01-01 03:30:00,302.2063576726084,309.854321353589,299.9026565046145,295.81145284052513,294.6030377145032,304.1816435966773,100.47765877237283,0
5,2025-01-01 03:40:00,307.9491948909034,302.87035610447003,306.99797322572897,293.2893612575744,293.1708792229228,299.2551534511635,101.0055688537904,0
5,2025-01-01 03:50:00,308.9818041146348,298.1290986200491,299.2221715273908,303.83098004587055,305.0520691312533,306.11855170334644,97.65031738323412,0
5,2025-01-01 04:00:00,298.57807675196744,307.95291036308925,303.3946564502964,299.3150225527877,297.4030181408694,298.2954606132696,100.85663338475048,0
5,2025-01-01 04:10:00,300.3857824810886,299.09307298445356,297.52822831071643,293.74651968505884,300.1097190410767,289.6752130620763,98.62800391656116,0
5,2025-01-01 04:20:00,291.03053751066057,293.22276248443853,296.45489521184754,309.76629568763286,297.370601620524,300.8887505313402,100.80096277301266,0
5,2025-01-01 04:30:00,300.65532593107923,312.2229137629125,297.2885883111867,291.01630993510975,307.4518973509649,295.8331322060228,99.27682283884882,0
5,2025-01-01 04:40:00,302.5298277672793,296.3586389879669,310.825280339033,305.95274297171795,301.0628701531611,305.1349313165987,102.21180084871462,0
5,2025-01-01 04:50:00,297.1802625597088,300.6195871317132,296.04145324716205,298.97852333349084,304.0195966544036,296.14631470149567,99.11940642578489,0
5,2025-01-01 05:00:00,309.86271088394903,293.07006028800504,302.5279462091794,307.44556554164143,311.357248727114,297.9780128840802,100.9828589054404,0
5,2025-01-01 05:10:00,302.84880178599326,302.79788530755235,295.9323482531688,299.493108718679,297.5361363587853,313.167689700158,101.06348976625132,0
5,2025-01-01 05:20:00,298.8876255161087,310.2343109785978,296.6253299060472,297.98462005467485,309.9577665110237,295.8396934757507,98.89976943412692,0
5,2025-01-01 05:30:00,299.26487288284574,298.8283254447897,304.0372235900418,298.53297242078975,292.7529013541129,301.62920426073964,102.41669563514712,0
5,2025-01-01 05:40:00,301.2628442299831,306.9226602379695,302.22099163645333,305.5066147886788,302.3327265572506,306.73112878101375,101.04450127203556,0
5,2025-01-01 05:50:00,299.5104237677855,293.2797768576408,302.52663250039035,305.5146386637133,309.67660168299204,307.0019989739764,101.10844940789208,0
5,2025-01-01 06:00:00,303.4770123727515,294.2949574512363,299.4424558642853,295.9751675957372,298.0615004179572,373.51729402758684,99.04470883479199,1
5,2025-01-01 06:10:00,293.72432314013304,288.1178357183107,298.3065433003906,299.0111547764719,400.6746555347827,296.3616382257189,100.01893038804536,1
5,2025-01-01 06:20:00,296.762135022128,296.0090468778937,303.0418277144742,302.62163017998955,300.2856817758063,304.620977329951,96.07734468766473,0
5,2025-01-01 06:30:00,297.1780267924665,289.67557268976554,290.2538435841737,303.2258456268641,303.72495709807043,379.59904272442327,100.99852006276559,1
5,2025-01-01 06:40:00,304.889077748431,289.4717652907984,305.7679517165846,306.93174698631424,298.48909706508687,286.9843145608635,99.27737887606541,0
5,2025-01-01 06:50:00,299.6790791935559,300.5519481955385,302.53710463916644,295.42037636368786,305.6714739694411,293.0308447809354,98.86774282278486,0
5,2025-01-01 07:00:00,302.48099593681656,297.3234164371617,302.5574978768093,309.67577020030114,304.07750511222133,299.75955746334614,99.63369905789341,0
5,2025-01-01 07:10:00,298.21663432910066,302.5135744588663,298.2585327320927,297.51973843730127,302.9782202878486,292.36352154786096,96.5957312000506,0
5,2025-01-01 07:20:00,302.50120234718287,297.33199846780417,306.10410649406526,295.6161310939408,308.56020142008947,291.2618174508587,100.86954012911379,0
5,2025-01-01 07:30:00,302.3771534126331,300.7985886434105,298.1687915126091,298.74906083396417,294.6501992170371,288.9497860535491,102.2081412185641,0
5,2025-01-01 07:40:00,295.17167598238393,308.14583182450474,297.09108983303975,294.13060017795516,299.01031135507657,310.33953169081775,96.33663550558795,0
5,2025-01-01 07:50:00,294.7434504418033,294.0985819808856,301.31773370289085,312.84953517737665,293.208941657369,293.0153295426602,100.67739673767836,0
5,2025-01-01 08:00:00,299.7548532958098,299.1981995947759,301.6542565230779,307.25500719065667,304.397085205687,294.6131196150762,102.75299290003908,0
5,2025-01-01 08:10:00,301.5656607000658,298.68927428066047,312.20752171084735,298.00928994705765,296.94038939294114,309.04757459259304,97.05152544220918,0
5,2025-01-01 08:20:00,290.79961127747123,299.8385969447526,303.20271467537384,300.6153910082809,299.4343597374213,293.50391818277086,100.46557348588033,0
5,2025-01-01 08:30:00,296.21618011492035,302.89709491449486,287.44582499299275,299.80929957279176,300.24901395451417,304.6810450478998,100.36962060497947,0
5,2025-01-01 08:40:00,298.5125889956307,306.55991869286976,301.6039286296634,300.97025971802935,293.64969455643984,301.43477927150855,98.3360901650111,0
5,2025-01-01 08:50:00,296.8085863673575,302.61280960437665,290.82595985182724,292.2201498684105,309.3137324617863,296.3745163951291,100.4000297023435,0
5,2025-01-01 09:00:00,300.3562687495545,293.5324618739795,296.5215256140147,295.40936508291713,306.19792003220783,298.0188516094912,102.13675866738804,0
5,2025-01-01 09:10:00,303.0206044479426,299.4632260464299,304.99709516338953,309.5164634386358,303.7703796657905,302.3983986975498,100.39789939296662,0
5,2025-01-01 09:20:00,295.13310580986484,305.0356666823658,301.68072481513116,298.862618700233,295.88032256514,296.4044527427541,104.09962419157185,0
5,2025-01-01 09:30:00,300.0034140947874,303.95898206401733,303.92906004648404,295.9662680989526,291.5365919224453,302.7985023620571,100.37507756882792,0
5,2025-01-01 09:40:00,303.46427877908906,303.67318772729664,295.0709809566609,298.579224510356,305.9738143093847,304.4732359378694,97.25428109703788,0
5,2025-01-01 09:50:00,301.75739950176103,296.56386734542997,291.1028527557419,306.4513056452303,303.82052648164046,297.4931536416609,97.16388015606212,0
5,2025-01-01 10:00:00,302.9822056879088,296.828570761553,298.82015006394516,303.7209285515752,302.10773041768283,301.334091981477,99.32175544145993,0
5,2025-01-01 10:10:00,301.8503055763448,292.4590607282304,294.2151076242885,299.8848757277675,296.35660966527104,298.5399572724349,99.0919328393611,0
5,2025-01-01 10:20:00,301.29330573927695,301.0636988792883,303.9143686747429,297.8443721521245,302.0402642341838,302.75398786136833,100.88954761566319,0
5,2025-01-01 10:30:00,295.87173158598927,294.3280180864675,306.1488711226097,311.10341898291557,300.04414069133696,294.7682256331481,100.05820541665004,0
5,2025-01-01 10:40:00,301.86674279855697,301.56189105233284,305.96367582708206,293.71065922045557,303.65690126287495,302.95211030625734,99.71570692611891,0
5,2025-01-01 10:50:00,301.69343658960844,302.00959477586963,296.39018336437437,304.2276304994261,305.75609820392805,302.7668178438631,99.26517882641036,0
5,2025-01-01 11:00:00,300.36598495500846,299.2487850560087,305.9585374855353,299.58141020075396,294.40226935808414,298.0323507201513,100.35738943362095,0
5,2025-01-01 11:10:00,306.14607392148525,300.4555043330306,309.0326733572967,295.6990365228875,311.4738429577389,301.89405264748297,100.75565844244431,0
5,2025-01-01 11:20:00,306.0909735587713,305.2868415268911,304.3609850003649,298.4245663440295,297.14126979021967,369.15284064200057,101.86625614468214,1
5,2025-01-01 11:30:00,298.88639649611696,298.07880990768166,302.60904370009365,304.8164830242975,307.25240392447944,300.3006848898415,100.69517820512554,0
5,2025-01-01 11:40:00,299.5571048459017,300.654467439719,293.5661935267363,300.54000371973484,299.291651073217,293.70283694781216,98.65784914618692,0
5,2025-01-01 11:50:00,299.3537737102374,286.90378636541556,293.0146553984477,300.4445716290654,305.45945657077056,287.8639837116087,98.25921673249269,0
5,2025-01-01 12:00:00,295.7875125431665,302.0159560538026,353.74826942067,302.71044962400185,295.80189863372476,305.4888601048582,99.0530757536489,1
5,2025-01-01 12:10:00,303.4038287432778,298.1470861879961,293.25976444029914,296.42659661504786,302.6063995250691,301.6083927068825,100.33611961193364,0
5,2025-01-01 12:20:00,300.1695039206273,294.79076227279734,293.8325120802755,292.55181289281944,307.27790409244676,304.03730917806223,99.7870242336389,0
5,2025-01-01 12:30:00,297.7310375741796,296.53874835367054,290.15538428791956,300.51719064654054,310.2103802007187,301.38679230982336,99.95544204163258,0
5,2025-01-01 12:40:00,301.2413696645572,291.87200316670277,301.4420557435803,297.18653987779885,292.8942342992719,297.4143145977562,98.9492222607261,0
5,2025-01-01 12:50:00,305.1494126956517,296.0899825374448,296.2014844125986,291.14465723455953,302.357711902091,290.84427560830824,97.54311233746847,0
5,2025-01-01 13:00:00,299.9204107749888,304.58005159895544,296.3886555817306,298.44006495675995,294.7183600034713,294.7074813950209,98.15883421198824,0
5,2025-01-01 13:10:00,297.53754804583167,301.5817916076807,295.5737565693789,300.90531371385543,306.51639018658034,302.9308290019639,99.17517236356704,0
5,2025-01-01 13:20:00,307.8493321812998,300.3431852421386,296.8038471935993,295.5455519402897,295.73899184339206,292.6861684644444,101.86548721669116,0
5,2025-01-01 13:30:00,288.83360590322116,295.53606242254057,302.56807232115546,300.1735687437628,290.15747893280974,303.27487792110844,101.62159729118342,0
5,2025-01-01 13:40:00,300.81702737011204,294.0218811457239,298.89678624942115,296.288759932169,390.1287983832925,299.52688103675354,99.73168871581547,1
5,2025-01-01 13:50:00,302.0605458051014,301.7500559896759,296.7355632090047,306.46511639107354,300.07245098659894,311.90095069377384,100.32233233894009,0
5,2025-01-01 14:00:00,307.8506570778986,299.3601268223574,307.172701043585,306.9199024558601,307.76520538146326,287.59006832139846,101.43870289858167,0
5,2025-01-01 14:10:00,302.7114938465287,309.44997448660257,303.4106798337279,300.93965826135576,303.36150598793324,302.68680140724615,101.84882037454999,0
5,2025-01-01 14:20:00,297.82759643725177,292.4214483079938,300.361817554954,301.0727167247848,303.60764514728595,300.5365795733098,101.51023848794512,0
5,2025-01-01 14:30:00,312.52308340135784,295.55768398820595,303.07889424543964,288.9916693160096,288.5081648101866,301.6650602355813,95.31005923383627,0
5,2025-01-01 14:40:00,298.0859150778757,293.4331256676238,300.6543705997431,296.30683903179096,302.25388126825385,303.53813164911253,98.59633167402312,0
5,2025-01-01 14:50:00,298.81359409454836,292.855713817279,301.1094175438605,292.29957012494145,301.2615895286527,298.406862980537,102.16447582305274,0
5,2025-01-01 15:00:00,297.3116270940328,305.3426044169347,300.86652349642895,295.2186127121743,308.24533143600246,303.1324520075528,99.32735526284067,0
5,2025-01-01 15:10:00,292.2308290715249,295.3621782356877,305.3463972878622,293.5464124010579,302.1467511771124,300.0035506078298,99.64910234054098,0
5,2025-01-01 15:20:00,296.8867340076931,300.55184428358456,299.95715855994615,290.0548034642449,302.0415223170892,298.4472095466071,99.94661756967896,0
5,2025-01-01 15:30:00,295.6321573305472,303.6437964157189,293.0125133804037,297.826125351332,302.31232652901326,300.5293119902403,101.64933466882113,0
5,2025-01-01 15:40:00,291.0203172433166,296.6941218258587,304.32779224378623,303.2879924085225,302.28483682266733,376.3171801624387,101.12003029481585,1
5,2025-01-01 15:50:00,289.9049038747956,299.3778633844679,297.154863188624,297.2283101634333,309.69994195738167,296.2900828595403,102.5832704535209,0
5,2025-01-01 16:00:00,302.92952100582323,296.3161493202619,292.92366404037904,301.0926702120547,305.0473589429798,295.77529280703254,97.0019680790832,0
5,2025-01-01 16:10:00,299.54077617832525,295.57920760028117,287.057916838979,300.2988391868664,304.74761458980504,294.93097033680067,101.69586434670653,0
5,2025-01-01 16:20:00,298.6867023984192,298.3180652729443,304.80152398140734,302.31241812033426,294.10315439183694,300.86127193205516,101.3430623434581,0
5,2025-01-01 16:30:00,307.64015679693915,290.6977600003785,304.3212180736711,297.1431287379136,300.9828177382123,305.0400200214663,98.90079083067033,0
